customer_id,account_id,customer_name,status,city
C009000137,ACC-C009000137,Priya Pillai,ACTIVE,Pune
C009000274,ACC-C009000274,Ishaan Bose,ACTIVE,Chennai
C009000411,ACC-C009000411,Kiara Shetty,ACTIVE,Hyderabad
C009000548,ACC-C009000548,Suresh Rao,ACTIVE,Bengaluru
C009000685,ACC-C009000685,Arjun Iyer,ACTIVE,Ahmedabad
C009000822,ACC-C009000822,Priya Chopra,ACTIVE,Kolkata
C009000959,ACC-C009000959,Vihaan Chopra,ACTIVE,Mumbai
C009001096,ACC-C009001096,Vihaan Nair,ACTIVE,Surat
C009001233,ACC-C009001233,Ananya Malhotra,ACTIVE,Pune
C009001370,ACC-C009001370,Reyansh Pillai,ACTIVE,Ahmedabad
C009001507,ACC-C009001507,Ananya Chopra,ACTIVE,Ahmedabad
C009001644,ACC-C009001644,Arjun Rao,ACTIVE,Hyderabad
C009001781,ACC-C009001781,Sneha Malhotra,ACTIVE,Kolkata
C009001918,ACC-C009001918,Rahul Malhotra,ACTIVE,Jaipur
C009002055,ACC-C009002055,Neha Das,ACTIVE,Mumbai
C009002192,ACC-C009002192,Myra Pillai,ACTIVE,Pune
C009002329,ACC-C009002329,Priya Menon,ACTIVE,Chennai
C009002466,ACC-C009002466,Ananya Chopra,ACTIVE,Kolkata
C009002603,ACC-C009002603,Riya Patel,ACTIVE,Pune
C009002740,ACC-C009002740,Vivaan Menon,ACTIVE,Kolkata
C009002877,ACC-C009002877,Aadhya Rao,ACTIVE,Ahmedabad
C009003014,ACC-C009003014,Vihaan Das,ACTIVE,Delhi
C009003151,ACC-C009003151,Krishna Das,ACTIVE,Surat
C009003288,ACC-C009003288,Sai Nair,ACTIVE,Mumbai
C009003425,ACC-C009003425,Sai Joshi,ACTIVE,Ahmedabad
C009003562,ACC-C009003562,Sneha Shetty,ACTIVE,Hyderabad
C009003699,ACC-C009003699,Pari Sharma,ACTIVE,Surat
C009003836,ACC-C009003836,Pari Das,ACTIVE,Surat
C009003973,ACC-C009003973,Rahul Iyer,ACTIVE,Mumbai
C009004110,ACC-C009004110,Diya Verma,ACTIVE,Mumbai
C009004247,ACC-C009004247,Suresh Sharma,ACTIVE,Mumbai
C009004384,ACC-C009004384,Pooja Chopra,ACTIVE,Bengaluru
C009004521,ACC-C009004521,Diya Malhotra,ACTIVE,Delhi
C009004658,ACC-C009004658,Anika Shetty,ACTIVE,Pune
C009004795,ACC-C009004795,Reyansh Verma,ACTIVE,Bengaluru
C009004932,ACC-C009004932,Rahul Malhotra,ACTIVE,Jaipur
C009005069,ACC-C009005069,Ishaan Bose,ACTIVE,Hyderabad
C009005206,ACC-C009005206,Kiara Bose,ACTIVE,Surat
C009005343,ACC-C009005343,Meera Iyer,ACTIVE,Mumbai
C009005480,ACC-C009005480,Anika Sharma,ACTIVE,Hyderabad
C009005617,ACC-C009005617,Amit Nair,ACTIVE,Jaipur
C009005754,ACC-C009005754,Reyansh Mehta,ACTIVE,Chennai
C009005891,ACC-C009005891,Vivaan Chopra,ACTIVE,Ahmedabad
C009006028,ACC-C009006028,Karan Malhotra,ACTIVE,Jaipur
C009006165,ACC-C009006165,Pooja Rao,ACTIVE,Mumbai
C009006302,ACC-C009006302,Sneha Nair,ACTIVE,Surat
C009006439,ACC-C009006439,Vivaan Kapoor,ACTIVE,Delhi
C009006576,ACC-C009006576,Anika Gupta,ACTIVE,Delhi
C009006713,ACC-C009006713,Priya Shetty,ACTIVE,Jaipur
C009006850,ACC-C009006850,Aditya Verma,ACTIVE,Kolkata
C009006987,ACC-C009006987,Krishna Kapoor,ACTIVE,Delhi
C009007124,ACC-C009007124,Ananya Das,ACTIVE,Chennai
C009007261,ACC-C009007261,Neha Menon,ACTIVE,Mumbai
C009007398,ACC-C009007398,Pari Patel,ACTIVE,Ahmedabad
C009007535,ACC-C009007535,Aadhya Chopra,ACTIVE,Surat
C009007672,ACC-C009007672,Myra Singh,ACTIVE,Ahmedabad
C009007809,ACC-C009007809,Suresh Verma,ACTIVE,Ahmedabad
C009007946,ACC-C009007946,Vihaan Gupta,ACTIVE,Delhi
C009008083,ACC-C009008083,Sneha Reddy,ACTIVE,Chennai
C009008220,ACC-C009008220,Kiara Shetty,ACTIVE,Surat
C009008357,ACC-C009008357,Diya Bose,ACTIVE,Delhi
C009008494,ACC-C009008494,Pooja Kumar,ACTIVE,Hyderabad
C009008631,ACC-C009008631,Karan Iyer,ACTIVE,Surat
C009008768,ACC-C009008768,Saanvi Verma,ACTIVE,Jaipur
C009008905,ACC-C009008905,Neha Chopra,ACTIVE,Surat
C009009042,ACC-C009009042,Myra Shetty,ACTIVE,Jaipur
C009009179,ACC-C009009179,Sai Mehta,ACTIVE,Jaipur
C009009316,ACC-C009009316,Riya Rao,ACTIVE,Kolkata
C009009453,ACC-C009009453,Sai Reddy,ACTIVE,Hyderabad
C009009590,ACC-C009009590,Ishaan Kapoor,ACTIVE,Pune
C009009727,ACC-C009009727,Anika Joshi,ACTIVE,Delhi
C009009864,ACC-C009009864,Vivaan Pillai,ACTIVE,Bengaluru
C009010001,ACC-C009010001,Krishna Rao,ACTIVE,Chennai
C009010138,ACC-C009010138,Sneha Menon,ACTIVE,Chennai
C009010275,ACC-C009010275,Sai Patel,ACTIVE,Ahmedabad
C009010412,ACC-C009010412,Myra Verma,ACTIVE,Jaipur
C009010549,ACC-C009010549,Arjun Bose,ACTIVE,Surat
C009010686,ACC-C009010686,Rahul Rao,ACTIVE,Hyderabad
C009010823,ACC-C009010823,Krishna Verma,ACTIVE,Jaipur
C009010960,ACC-C009010960,Neha Joshi,ACTIVE,Hyderabad
C009011097,ACC-C009011097,Sara Gupta,ACTIVE,Surat
C009011234,ACC-C009011234,Vivaan Nair,ACTIVE,Kolkata
C009011371,ACC-C009011371,Saanvi Mehta,ACTIVE,Jaipur
C009011508,ACC-C009011508,Myra Malhotra,ACTIVE,Chennai
C009011645,ACC-C009011645,Arjun Menon,ACTIVE,Bengaluru
C009011782,ACC-C009011782,Rohan Shetty,ACTIVE,Kolkata
C009011919,ACC-C009011919,Rohan Malhotra,ACTIVE,Bengaluru
C009012056,ACC-C009012056,Rahul Gupta,ACTIVE,Pune
C009012193,ACC-C009012193,Amit Joshi,ACTIVE,Kolkata
C009012330,ACC-C009012330,Pari Bose,ACTIVE,Delhi
C009012467,ACC-C009012467,Vihaan Kumar,ACTIVE,Pune
C009012604,ACC-C009012604,Riya Pillai,ACTIVE,Delhi
C009012741,ACC-C009012741,Aadhya Das,ACTIVE,Ahmedabad
C009012878,ACC-C009012878,Aditya Reddy,ACTIVE,Jaipur
C009013015,ACC-C009013015,Aarav Reddy,ACTIVE,Bengaluru
C009013152,ACC-C009013152,Sai Sharma,ACTIVE,Mumbai
C009013289,ACC-C009013289,Krishna Rao,ACTIVE,Ahmedabad
C009013426,ACC-C009013426,Meera Bose,ACTIVE,Mumbai
C009013563,ACC-C009013563,Aditya Pillai,ACTIVE,Chennai
C009013700,ACC-C009013700,Meera Rao,ACTIVE,Chennai
C009013837,ACC-C009013837,Aditya Joshi,ACTIVE,Hyderabad
C009013974,ACC-C009013974,Pooja Nair,ACTIVE,Ahmedabad
C009014111,ACC-C009014111,Priya Kumar,ACTIVE,Pune
C009014248,ACC-C009014248,Aditya Iyer,ACTIVE,Pune
C009014385,ACC-C009014385,Pooja Chopra,ACTIVE,Bengaluru
C009014522,ACC-C009014522,Vivaan Mehta,ACTIVE,Chennai
C009014659,ACC-C009014659,Aditya Reddy,ACTIVE,Pune
C009014796,ACC-C009014796,Sara Iyer,ACTIVE,Surat
C009014933,ACC-C009014933,Diya Mehta,ACTIVE,Bengaluru
C009015070,ACC-C009015070,Vivaan Gupta,ACTIVE,Surat
C009015207,ACC-C009015207,Sai Kumar,ACTIVE,Hyderabad
C009015344,ACC-C009015344,Aditya Gupta,ACTIVE,Chennai
C009015481,ACC-C009015481,Sara Shetty,ACTIVE,Mumbai
C009015618,ACC-C009015618,Diya Kumar,ACTIVE,Surat
C009015755,ACC-C009015755,Sneha Iyer,ACTIVE,Pune
C009015892,ACC-C009015892,Pooja Gupta,ACTIVE,Surat
C009016029,ACC-C009016029,Neha Sharma,ACTIVE,Mumbai
C009016166,ACC-C009016166,Kiara Shetty,ACTIVE,Chennai
C009016303,ACC-C009016303,Priya Gupta,ACTIVE,Pune
C009016440,ACC-C009016440,Riya Gupta,ACTIVE,Ahmedabad
C009016577,ACC-C009016577,Sara Mehta,ACTIVE,Delhi
C009016714,ACC-C009016714,Krishna Mehta,ACTIVE,Chennai
C009016851,ACC-C009016851,Suresh Gupta,ACTIVE,Pune
C009016988,ACC-C009016988,Neha Menon,ACTIVE,Pune
C009017125,ACC-C009017125,Priya Patel,ACTIVE,Pune
C009017262,ACC-C009017262,Aarav Gupta,ACTIVE,Jaipur
C009017399,ACC-C009017399,Ananya Das,ACTIVE,Jaipur
C009017536,ACC-C009017536,Sneha Gupta,ACTIVE,Mumbai
C009017673,ACC-C009017673,Amit Joshi,ACTIVE,Surat
C009017810,ACC-C009017810,Krishna Singh,ACTIVE,Bengaluru
C009017947,ACC-C009017947,Riya Singh,ACTIVE,Chennai
C009018084,ACC-C009018084,Aadhya Rao,ACTIVE,Jaipur
C009018221,ACC-C009018221,Anika Joshi,ACTIVE,Mumbai
C009018358,ACC-C009018358,Sai Menon,ACTIVE,Delhi
C009018495,ACC-C009018495,Vivaan Iyer,ACTIVE,Mumbai
C009018632,ACC-C009018632,Kiara Rao,ACTIVE,Jaipur
C009018769,ACC-C009018769,Suresh Joshi,ACTIVE,Chennai
C009018906,ACC-C009018906,Vikram Chopra,ACTIVE,Surat
C009019043,ACC-C009019043,Karan Pillai,ACTIVE,Ahmedabad
C009019180,ACC-C009019180,Neha Sharma,ACTIVE,Bengaluru
C009019317,ACC-C009019317,Sneha Rao,ACTIVE,Surat
C009019454,ACC-C009019454,Ananya Nair,ACTIVE,Hyderabad
C009019591,ACC-C009019591,Kiara Iyer,ACTIVE,Mumbai
C009019728,ACC-C009019728,Sai Kapoor,ACTIVE,Bengaluru
C009019865,ACC-C009019865,Riya Mehta,ACTIVE,Chennai
C009020002,ACC-C009020002,Anika Pillai,ACTIVE,Delhi
C009020139,ACC-C009020139,Arjun Patel,ACTIVE,Ahmedabad
C009020276,ACC-C009020276,Myra Kumar,ACTIVE,Delhi
C009020413,ACC-C009020413,Riya Verma,ACTIVE,Delhi
C009020550,ACC-C009020550,Sneha Gupta,ACTIVE,Ahmedabad
C009020687,ACC-C009020687,Sneha Joshi,ACTIVE,Mumbai
C009020824,ACC-C009020824,Rohan Shetty,ACTIVE,Surat
C009020961,ACC-C009020961,Myra Singh,ACTIVE,Ahmedabad
C009021098,ACC-C009021098,Rahul Verma,ACTIVE,Delhi
C009021235,ACC-C009021235,Rahul Singh,ACTIVE,Delhi
C009021372,ACC-C009021372,Sara Malhotra,ACTIVE,Hyderabad
C009021509,ACC-C009021509,Myra Shetty,ACTIVE,Mumbai
C009021646,ACC-C009021646,Ishaan Kumar,ACTIVE,Chennai
C009021783,ACC-C009021783,Kiara Menon,ACTIVE,Jaipur
C009021920,ACC-C009021920,Aditya Shetty,ACTIVE,Surat
C009022057,ACC-C009022057,Meera Reddy,ACTIVE,Mumbai
C009022194,ACC-C009022194,Sara Nair,ACTIVE,Delhi
C009022331,ACC-C009022331,Ananya Kapoor,ACTIVE,Ahmedabad
C009022468,ACC-C009022468,Rahul Pillai,ACTIVE,Jaipur
C009022605,ACC-C009022605,Aadhya Pillai,ACTIVE,Kolkata
C009022742,ACC-C009022742,Arjun Verma,ACTIVE,Ahmedabad
C009022879,ACC-C009022879,Aditya Reddy,ACTIVE,Surat
C009023016,ACC-C009023016,Reyansh Das,ACTIVE,Kolkata
C009023153,ACC-C009023153,Myra Mehta,ACTIVE,Hyderabad
C009023290,ACC-C009023290,Riya Joshi,ACTIVE,Mumbai
C009023427,ACC-C009023427,Meera Reddy,ACTIVE,Jaipur
C009023564,ACC-C009023564,Aditya Singh,ACTIVE,Bengaluru
C009023701,ACC-C009023701,Ananya Pillai,ACTIVE,Bengaluru
C009023838,ACC-C009023838,Karan Mehta,ACTIVE,Delhi
C009023975,ACC-C009023975,Riya Kumar,ACTIVE,Kolkata
C009024112,ACC-C009024112,Kiara Bose,ACTIVE,Jaipur
C009024249,ACC-C009024249,Reyansh Menon,ACTIVE,Mumbai
C009024386,ACC-C009024386,Ishaan Mehta,ACTIVE,Ahmedabad
C009024523,ACC-C009024523,Suresh Reddy,ACTIVE,Pune
C009024660,ACC-C009024660,Vivaan Das,ACTIVE,Hyderabad
C009024797,ACC-C009024797,Pooja Joshi,ACTIVE,Surat
C009024934,ACC-C009024934,Anika Kumar,ACTIVE,Hyderabad
C009025071,ACC-C009025071,Diya Das,ACTIVE,Pune
C009025208,ACC-C009025208,Priya Iyer,ACTIVE,Kolkata
C009025345,ACC-C009025345,Sai Iyer,ACTIVE,Bengaluru
C009025482,ACC-C009025482,Anika Menon,ACTIVE,Hyderabad
C009025619,ACC-C009025619,Ishaan Mehta,ACTIVE,Delhi
C009025756,ACC-C009025756,Saanvi Singh,ACTIVE,Chennai
C009025893,ACC-C009025893,Aditya Patel,ACTIVE,Surat
C009026030,ACC-C009026030,Suresh Singh,ACTIVE,Surat
C009026167,ACC-C009026167,Vihaan Verma,ACTIVE,Bengaluru
C009026304,ACC-C009026304,Sai Verma,ACTIVE,Bengaluru
C009026441,ACC-C009026441,Anika Singh,ACTIVE,Delhi
C009026578,ACC-C009026578,Aadhya Sharma,ACTIVE,Mumbai
C009026715,ACC-C009026715,Sneha Das,ACTIVE,Pune
C009026852,ACC-C009026852,Arjun Menon,ACTIVE,Chennai
C009026989,ACC-C009026989,Krishna Joshi,ACTIVE,Hyderabad
C009027126,ACC-C009027126,Vikram Malhotra,ACTIVE,Jaipur
C009027263,ACC-C009027263,Priya Pillai,ACTIVE,Pune
C009027400,ACC-C009027400,Aadhya Das,ACTIVE,Surat
C009027537,ACC-C009027537,Riya Reddy,ACTIVE,Ahmedabad
C009027674,ACC-C009027674,Sai Gupta,ACTIVE,Hyderabad
C009027811,ACC-C009027811,Rahul Pillai,ACTIVE,Mumbai
C009027948,ACC-C009027948,Riya Shetty,ACTIVE,Pune
C009028085,ACC-C009028085,Myra Chopra,ACTIVE,Chennai
C009028222,ACC-C009028222,Ananya Chopra,ACTIVE,Mumbai
C009028359,ACC-C009028359,Reyansh Mehta,ACTIVE,Surat
C009028496,ACC-C009028496,Vikram Singh,ACTIVE,Bengaluru
C009028633,ACC-C009028633,Vihaan Kapoor,ACTIVE,Surat
C009028770,ACC-C009028770,Ishaan Patel,ACTIVE,Kolkata
C009028907,ACC-C009028907,Vivaan Singh,ACTIVE,Pune
C009029044,ACC-C009029044,Vivaan Kumar,ACTIVE,Jaipur
C009029181,ACC-C009029181,Aditya Rao,ACTIVE,Hyderabad
C009029318,ACC-C009029318,Ananya Reddy,ACTIVE,Kolkata
C009029455,ACC-C009029455,Karan Singh,ACTIVE,Bengaluru
C009029592,ACC-C009029592,Krishna Chopra,ACTIVE,Bengaluru
C009029729,ACC-C009029729,Vihaan Rao,ACTIVE,Mumbai
C009029866,ACC-C009029866,Aadhya Malhotra,ACTIVE,Kolkata
C009030003,ACC-C009030003,Ananya Shetty,ACTIVE,Bengaluru
C009030140,ACC-C009030140,Vihaan Gupta,ACTIVE,Hyderabad
C009030277,ACC-C009030277,Sneha Das,ACTIVE,Chennai
C009030414,ACC-C009030414,Sai Shetty,ACTIVE,Ahmedabad
C009030551,ACC-C009030551,Aadhya Kapoor,ACTIVE,Surat
C009030688,ACC-C009030688,Aarav Verma,ACTIVE,Chennai
C009030825,ACC-C009030825,Saanvi Malhotra,ACTIVE,Pune
C009030962,ACC-C009030962,Suresh Das,ACTIVE,Ahmedabad
C009031099,ACC-C009031099,Myra Singh,ACTIVE,Kolkata
C009031236,ACC-C009031236,Anika Gupta,ACTIVE,Mumbai
C009031373,ACC-C009031373,Myra Pillai,ACTIVE,Bengaluru
C009031510,ACC-C009031510,Rohan Verma,ACTIVE,Delhi
C009031647,ACC-C009031647,Vivaan Sharma,ACTIVE,Bengaluru
C009031784,ACC-C009031784,Diya Verma,ACTIVE,Mumbai
C009031921,ACC-C009031921,Priya Patel,ACTIVE,Delhi
C009032058,ACC-C009032058,Vihaan Gupta,ACTIVE,Mumbai
C009032195,ACC-C009032195,Pooja Bose,ACTIVE,Pune
C009032332,ACC-C009032332,Aarav Rao,ACTIVE,Pune
C009032469,ACC-C009032469,Sneha Rao,ACTIVE,Hyderabad
C009032606,ACC-C009032606,Sara Das,ACTIVE,Jaipur
C009032743,ACC-C009032743,Priya Kumar,ACTIVE,Bengaluru
C009032880,ACC-C009032880,Sara Nair,ACTIVE,Delhi
C009033017,ACC-C009033017,Ishaan Menon,ACTIVE,Ahmedabad
C009033154,ACC-C009033154,Suresh Kapoor,ACTIVE,Bengaluru
C009033291,ACC-C009033291,Rohan Iyer,ACTIVE,Mumbai
C009033428,ACC-C009033428,Reyansh Das,ACTIVE,Delhi
C009033565,ACC-C009033565,Aditya Reddy,ACTIVE,Kolkata
C009033702,ACC-C009033702,Meera Bose,ACTIVE,Chennai
C009033839,ACC-C009033839,Vihaan Kumar,ACTIVE,Mumbai
C009033976,ACC-C009033976,Pooja Chopra,ACTIVE,Mumbai
C009034113,ACC-C009034113,Neha Reddy,ACTIVE,Chennai
C009034250,ACC-C009034250,Priya Rao,ACTIVE,Mumbai
C009034387,ACC-C009034387,Rohan Rao,ACTIVE,Delhi
C009034524,ACC-C009034524,Karan Patel,ACTIVE,Hyderabad
C009034661,ACC-C009034661,Vihaan Verma,ACTIVE,Chennai
C009034798,ACC-C009034798,Priya Nair,ACTIVE,Kolkata
C009034935,ACC-C009034935,Amit Kumar,ACTIVE,Mumbai
C009035072,ACC-C009035072,Rahul Das,ACTIVE,Mumbai
C009035209,ACC-C009035209,Vikram Reddy,ACTIVE,Hyderabad
C009035346,ACC-C009035346,Vihaan Menon,ACTIVE,Jaipur
C009035483,ACC-C009035483,Saanvi Chopra,ACTIVE,Jaipur
C009035620,ACC-C009035620,Suresh Kapoor,ACTIVE,Jaipur
C009035757,ACC-C009035757,Aditya Iyer,ACTIVE,Jaipur
C009035894,ACC-C009035894,Sara Nair,ACTIVE,Jaipur
C009036031,ACC-C009036031,Vivaan Verma,ACTIVE,Ahmedabad
C009036168,ACC-C009036168,Sara Reddy,ACTIVE,Hyderabad
C009036305,ACC-C009036305,Aditya Das,ACTIVE,Mumbai
C009036442,ACC-C009036442,Krishna Nair,ACTIVE,Mumbai
C009036579,ACC-C009036579,Ishaan Singh,ACTIVE,Pune
C009036716,ACC-C009036716,Rahul Kumar,ACTIVE,Surat
C009036853,ACC-C009036853,Amit Bose,ACTIVE,Pune
C009036990,ACC-C009036990,Anika Gupta,ACTIVE,Hyderabad
C009037127,ACC-C009037127,Neha Sharma,ACTIVE,Jaipur
C009037264,ACC-C009037264,Diya Malhotra,ACTIVE,Bengaluru
C009037401,ACC-C009037401,Pari Reddy,ACTIVE,Chennai
C009037538,ACC-C009037538,Riya Das,ACTIVE,Bengaluru
C009037675,ACC-C009037675,Pooja Iyer,ACTIVE,Mumbai
C009037812,ACC-C009037812,Krishna Mehta,ACTIVE,Hyderabad
C009037949,ACC-C009037949,Vivaan Patel,ACTIVE,Jaipur
C009038086,ACC-C009038086,Riya Verma,ACTIVE,Kolkata
C009038223,ACC-C009038223,Riya Chopra,ACTIVE,Bengaluru
C009038360,ACC-C009038360,Arjun Singh,ACTIVE,Jaipur
C009038497,ACC-C009038497,Saanvi Nair,ACTIVE,Surat
C009038634,ACC-C009038634,Vihaan Shetty,ACTIVE,Pune
C009038771,ACC-C009038771,Pari Menon,ACTIVE,Chennai
C009038908,ACC-C009038908,Amit Malhotra,ACTIVE,Jaipur
C009039045,ACC-C009039045,Karan Verma,ACTIVE,Ahmedabad
C009039182,ACC-C009039182,Reyansh Singh,ACTIVE,Kolkata
C009039319,ACC-C009039319,Sneha Reddy,ACTIVE,Surat
C009039456,ACC-C009039456,Sneha Patel,ACTIVE,Pune
C009039593,ACC-C009039593,Kiara Iyer,ACTIVE,Chennai
C009039730,ACC-C009039730,Rohan Bose,ACTIVE,Delhi
C009039867,ACC-C009039867,Pooja Malhotra,ACTIVE,Pune
C009040004,ACC-C009040004,Sneha Verma,ACTIVE,Hyderabad
C009040141,ACC-C009040141,Neha Verma,ACTIVE,Hyderabad
C009040278,ACC-C009040278,Pari Singh,ACTIVE,Chennai
C009040415,ACC-C009040415,Saanvi Chopra,ACTIVE,Hyderabad
C009040552,ACC-C009040552,Rahul Iyer,ACTIVE,Ahmedabad
C009040689,ACC-C009040689,Vikram Mehta,ACTIVE,Pune
C009040826,ACC-C009040826,Riya Gupta,ACTIVE,Jaipur
C009040963,ACC-C009040963,Aadhya Verma,ACTIVE,Chennai
C009041100,ACC-C009041100,Vikram Shetty,ACTIVE,Surat
