merchant_id,status
M1470540083,ACTIVE
M2000802630,ACTIVE
M1907813883,ACTIVE
M1555450780,ACTIVE
M528846922,ACTIVE
M1836184214,ACTIVE
M1117642317,ACTIVE
M1268974304,ACTIVE
M2102730438,ACTIVE
M1649464124,ACTIVE
M47719432,ACTIVE
M1777030223,ACTIVE
M346049017,ACTIVE
M254955665,ACTIVE
M1768142988,ACTIVE
M1429610243,ACTIVE
M817833695,ACTIVE
M432112141,ACTIVE
M1771084820,ACTIVE
M2016828666,ACTIVE
M1942163841,ACTIVE
M694103323,ACTIVE
M1824531116,ACTIVE
M2016038911,ACTIVE
M356280764,ACTIVE
M911284082,ACTIVE
M615535250,ACTIVE
M1879769947,ACTIVE
M364266169,ACTIVE
M126197703,ACTIVE
M259237839,ACTIVE
M995529850,ACTIVE
M1943910383,ACTIVE
M67883256,ACTIVE
M777313177,ACTIVE
M1848760713,ACTIVE
M874740624,ACTIVE
M966005897,ACTIVE
M1304803463,ACTIVE
M1569980193,ACTIVE
M598294540,ACTIVE
M1553257656,ACTIVE
M972236893,ACTIVE
M1173015408,ACTIVE
M848343462,ACTIVE
M1202138162,ACTIVE
M1400132053,ACTIVE
M964662898,ACTIVE
M1860905408,ACTIVE
M650797503,ACTIVE
M583668290,ACTIVE
M514420722,ACTIVE
M1537618192,ACTIVE
M1012264852,ACTIVE
M1546846351,ACTIVE
M1877964230,ACTIVE
M1680568790,ACTIVE
M1836765429,ACTIVE
M438448733,ACTIVE
M1831833867,ACTIVE
M1680841335,ACTIVE
M117052390,ACTIVE
M1699637904,ACTIVE
M1105282397,ACTIVE
M1688310330,ACTIVE
M1175154004,ACTIVE
M1232346752,ACTIVE
M757190955,ACTIVE
M2066569446,ACTIVE
M1577167234,ACTIVE
M148963559,ACTIVE
M1367672657,ACTIVE
M402622480,ACTIVE
M649848324,ACTIVE
M1957188885,ACTIVE
M636094094,ACTIVE
M1956303740,ACTIVE
M30244322,ACTIVE
M1591916281,ACTIVE
M1357442420,ACTIVE
M5308857,ACTIVE
M1106002545,ACTIVE
M218770562,ACTIVE
M2035743034,ACTIVE
M233951222,ACTIVE
M45880026,ACTIVE
M876962272,ACTIVE
M1111100957,ACTIVE
M178325065,ACTIVE
M2115461862,ACTIVE
M1780694323,ACTIVE
M1107772887,ACTIVE
M511357840,ACTIVE
M1765690649,ACTIVE
M1730371851,ACTIVE
M1221330445,ACTIVE
M456228477,ACTIVE
M566105282,ACTIVE
M1769339676,ACTIVE
M1890881203,ACTIVE
M1010434098,ACTIVE
M1728726840,ACTIVE
M1984328477,ACTIVE
M212158113,ACTIVE
M1138670146,ACTIVE
M1373579841,ACTIVE
M617068868,ACTIVE
M500450241,ACTIVE
M1233049719,ACTIVE
M1747087615,ACTIVE
M1613819889,ACTIVE
M1600888965,ACTIVE
M596848689,ACTIVE
M1433976386,ACTIVE
M1621023573,ACTIVE
M658781536,ACTIVE
M1679944167,ACTIVE
M2095807072,ACTIVE
M1516501617,ACTIVE
M1176932104,ACTIVE
M583835905,ACTIVE
M1684854630,ACTIVE
M676470485,ACTIVE
M1622613647,ACTIVE
M1729734072,ACTIVE
M1908591398,ACTIVE
M1059080630,ACTIVE
M1262973217,ACTIVE
M1525114112,ACTIVE
M926837661,ACTIVE
M1542856295,ACTIVE
M454841229,ACTIVE
M598049166,ACTIVE
M858965925,ACTIVE
M178192958,ACTIVE
M1343796587,ACTIVE
M50470449,ACTIVE
M421135185,ACTIVE
M244788961,ACTIVE
M1831010686,ACTIVE
M238370333,ACTIVE
M939294268,ACTIVE
M1686929611,ACTIVE
M440435702,ACTIVE
M1405230085,ACTIVE
M1482748887,ACTIVE
M1404855442,ACTIVE
M159504850,ACTIVE
M950729555,ACTIVE
M1607463538,ACTIVE
M319144230,ACTIVE
M712753515,ACTIVE
M1415857264,ACTIVE
M1777591638,ACTIVE
M1749372629,ACTIVE
M1792030422,ACTIVE
M264767425,ACTIVE
M2000880842,ACTIVE
M740827140,ACTIVE
M1392482765,ACTIVE
M1682034673,ACTIVE
M109611571,ACTIVE
M916958177,ACTIVE
M1742035526,ACTIVE
M1048559742,ACTIVE
M1538853769,ACTIVE
M2120154283,ACTIVE
M757762073,ACTIVE
M23436669,ACTIVE
M987489551,ACTIVE
M1172737964,ACTIVE
M1115381650,ACTIVE
M1288052401,ACTIVE
M1791706561,ACTIVE
M2008106788,ACTIVE
M428533618,ACTIVE
M70695990,ACTIVE
M590399893,ACTIVE
M937726434,ACTIVE
M2019489551,ACTIVE
M74974017,ACTIVE
M1590892341,ACTIVE
M1996449989,ACTIVE
M190967225,ACTIVE
M497757429,ACTIVE
M1281098502,ACTIVE
M1108211033,ACTIVE
M2068191651,ACTIVE
M2068113806,ACTIVE
M562685863,ACTIVE
M1288135425,ACTIVE
M2120220238,ACTIVE
M1322011459,ACTIVE
M1315795813,ACTIVE
M1486277532,ACTIVE
M836749045,ACTIVE
M1643141512,ACTIVE
M681158875,ACTIVE
M910572297,ACTIVE
M724081353,ACTIVE
M1706779253,ACTIVE
M581359452,ACTIVE
M870900038,ACTIVE
M2070964440,ACTIVE
M2008159348,ACTIVE
M876695548,ACTIVE
M220371218,ACTIVE
M2049393953,ACTIVE
M2129964267,ACTIVE
M2095803461,ACTIVE
M1780861357,ACTIVE
M1254651534,ACTIVE
M1427580388,ACTIVE
M179379830,ACTIVE
M333793193,ACTIVE
M240000757,ACTIVE
M1596390477,ACTIVE
M1172991012,ACTIVE
M799729654,ACTIVE
M380390717,ACTIVE
M26362041,ACTIVE
M798555759,ACTIVE
M362140338,ACTIVE
M878535710,ACTIVE
M205496410,ACTIVE
M1743770306,ACTIVE
M173440626,ACTIVE
M1327895505,ACTIVE
M439010439,ACTIVE
M837693403,ACTIVE
M12691277,ACTIVE
M2073484941,ACTIVE
M1898751355,ACTIVE
M1064095359,ACTIVE
M1751574336,ACTIVE
M1753746465,ACTIVE
M1519890812,ACTIVE
M1109622904,ACTIVE
M1106043431,ACTIVE
M1169734591,ACTIVE
M1938138927,ACTIVE
M280078161,ACTIVE
M1746136350,ACTIVE
M2035401634,ACTIVE
M321192242,ACTIVE
M1664750059,ACTIVE
M436625455,ACTIVE
M1380044647,ACTIVE
M184017782,ACTIVE
M979620424,ACTIVE
M1308823531,ACTIVE
M1940055334,ACTIVE
M1038988454,ACTIVE
M1397530667,ACTIVE
M138536309,ACTIVE
M783882087,ACTIVE
M291279979,ACTIVE
M1662912171,ACTIVE
M1350518777,ACTIVE
M1759937900,ACTIVE
M288043672,ACTIVE
M576577375,ACTIVE
M628990485,ACTIVE
M580965610,ACTIVE
M2080125222,ACTIVE
M29774113,ACTIVE
M1613378103,ACTIVE
M1513484204,ACTIVE
M1861236708,ACTIVE
M359463456,ACTIVE
M1985569416,ACTIVE
M2040548959,ACTIVE
M1090191122,ACTIVE
M994228009,ACTIVE
M2130299045,ACTIVE
M2112036973,ACTIVE
M1936362218,ACTIVE
M266267666,ACTIVE
M1152113439,ACTIVE
M1464460851,ACTIVE
M1013313550,ACTIVE
M126039047,ACTIVE
M524536503,ACTIVE
M612412611,ACTIVE
M1913827982,ACTIVE
M1155757579,ACTIVE
M2118482375,ACTIVE
M787089269,ACTIVE
M1389978471,ACTIVE
M66747889,ACTIVE
M1793114195,ACTIVE
M434297724,ACTIVE
M545394160,ACTIVE
M1254850252,ACTIVE
M1579775434,ACTIVE
M1210165919,ACTIVE
M7040976,ACTIVE
M859985937,ACTIVE
M1774713748,ACTIVE
M287628665,ACTIVE
M1771040410,ACTIVE
M1316005672,ACTIVE
M1905486482,ACTIVE
M1570030862,ACTIVE
M1899145692,ACTIVE
M1787476367,ACTIVE
M817941759,ACTIVE
M650859015,ACTIVE
M1786936076,ACTIVE
M949314262,ACTIVE
M1967710715,ACTIVE
M2122357625,ACTIVE
M1274247563,ACTIVE
M709955086,ACTIVE
M2090289474,ACTIVE
M774501006,ACTIVE
M311487784,ACTIVE
M699221219,ACTIVE
M497501602,ACTIVE
M62182667,ACTIVE
M772801497,ACTIVE
M544628437,ACTIVE
M497378142,ACTIVE
M2081098713,ACTIVE
M1986270265,ACTIVE
M1495161082,ACTIVE
M935552520,ACTIVE
M660144865,ACTIVE
M1882274571,ACTIVE
M313945225,ACTIVE
M907409625,ACTIVE
M125644421,ACTIVE
M1904720585,ACTIVE
M1419125235,ACTIVE
M1256893889,ACTIVE
M1332121385,ACTIVE
M1348883706,ACTIVE
M682914321,ACTIVE
M1260127127,ACTIVE
M85435056,ACTIVE
M1209451152,ACTIVE
M1291367132,ACTIVE
M1501191853,ACTIVE
M819197315,ACTIVE
M21723014,ACTIVE
M240733254,ACTIVE
M1340051218,ACTIVE
M690715138,ACTIVE
M1906057135,ACTIVE
M242596583,ACTIVE
M1168076863,ACTIVE
M790229674,ACTIVE
M2094310615,ACTIVE
M1196836564,ACTIVE
M75356024,ACTIVE
M1696377390,ACTIVE
M1753113235,ACTIVE
M1961129028,ACTIVE
M1041547629,ACTIVE
M1605299030,ACTIVE
M1070194629,ACTIVE
M1479140596,ACTIVE
M503144483,ACTIVE
M1096411163,ACTIVE
M661970164,ACTIVE
M1282393063,ACTIVE
M1997290658,ACTIVE
M1835778392,ACTIVE
M1655740181,ACTIVE
M1256384385,ACTIVE
M767764251,ACTIVE
M1418102907,ACTIVE
M1179272258,ACTIVE
M575779772,ACTIVE
M1531478195,ACTIVE
M1801422599,ACTIVE
M919541414,ACTIVE
M1250154012,ACTIVE
M1442935412,ACTIVE
M1528782796,ACTIVE
M1872258305,ACTIVE
M1380593659,ACTIVE
M360528453,ACTIVE
M2007058705,ACTIVE
M576407050,ACTIVE
M1361009437,ACTIVE
M80867688,ACTIVE
M418513504,ACTIVE
M133177937,ACTIVE
M813611359,ACTIVE
M1955049794,ACTIVE
M1118414398,ACTIVE
M972458732,ACTIVE
M1471364137,ACTIVE
M1720624132,ACTIVE
M627556497,ACTIVE
M525859363,ACTIVE
M586261312,ACTIVE
M1444642131,ACTIVE
M22690626,ACTIVE
M1123226989,ACTIVE
M668417314,ACTIVE
M1872627924,ACTIVE
M581494907,ACTIVE
M1751325469,ACTIVE
M1562570092,ACTIVE
M1292956034,ACTIVE
M1118346479,ACTIVE
M1450712470,ACTIVE
M573424492,ACTIVE
M4008846,ACTIVE
M513477778,ACTIVE
M790094605,ACTIVE
M2031507085,ACTIVE
M977650730,ACTIVE
M423702255,ACTIVE
M1370231468,ACTIVE
M1620368915,ACTIVE
M209524543,ACTIVE
M1553874177,ACTIVE
M434791924,ACTIVE
M1752069395,ACTIVE
M835594012,ACTIVE
M667680223,ACTIVE
M1770950314,ACTIVE
M935160003,ACTIVE
M956429999,ACTIVE
M82565330,ACTIVE
M1260043537,ACTIVE
M2070160397,ACTIVE
M1591387506,ACTIVE
M668225854,ACTIVE
M145371155,ACTIVE
M2041386868,ACTIVE
M2010394327,ACTIVE
M1794125280,ACTIVE
M576149775,ACTIVE
M499105172,ACTIVE
M1174687658,ACTIVE
M1271109184,ACTIVE
M918922423,ACTIVE
M842422776,ACTIVE
M794026109,ACTIVE
M23604842,ACTIVE
M317880757,ACTIVE
M1350395050,ACTIVE
M1994458484,ACTIVE
M1794509290,ACTIVE
M1281233469,ACTIVE
M1228340166,ACTIVE
M46711852,ACTIVE
M1281743075,ACTIVE
M826306219,ACTIVE
M1677976140,ACTIVE
M34150451,ACTIVE
M1294054661,ACTIVE
M1611221523,ACTIVE
M409957428,ACTIVE
M2123492724,ACTIVE
M48063459,ACTIVE
M1857126088,ACTIVE
M2040509534,ACTIVE
M1137989065,ACTIVE
M607578671,ACTIVE
M188729048,ACTIVE
M67025210,ACTIVE
M1219797059,ACTIVE
M2130054146,ACTIVE
M910123336,ACTIVE
M1993191331,ACTIVE
M390010388,ACTIVE
M175825728,ACTIVE
M1383947848,ACTIVE
M435175610,ACTIVE
M1713988669,ACTIVE
M511094763,ACTIVE
M988637661,ACTIVE
M3244883,ACTIVE
M1158234446,ACTIVE
M1940906679,ACTIVE
M487571644,ACTIVE
M76046801,ACTIVE
M565661811,ACTIVE
M1064315206,ACTIVE
M551871103,ACTIVE
M719355325,ACTIVE
M1890131314,ACTIVE
M124132186,ACTIVE
M610056415,ACTIVE
M1843541066,ACTIVE
M438772947,ACTIVE
M1505791217,ACTIVE
M1074868579,ACTIVE
M1099109905,ACTIVE
M787889005,ACTIVE
M923360749,ACTIVE
M723689932,ACTIVE
M1214115553,ACTIVE
M1883971879,ACTIVE
M1103132232,ACTIVE
M620456576,ACTIVE
M587180314,ACTIVE
M547964633,ACTIVE
M584816461,ACTIVE
M1072499716,ACTIVE
M1745241742,ACTIVE
M1980062978,ACTIVE
M483189093,ACTIVE
M1131228089,ACTIVE
M1002406942,ACTIVE
M1982652230,ACTIVE
M1890097328,ACTIVE
M872340040,ACTIVE
M1790696670,ACTIVE
M813583428,ACTIVE
M2086611398,ACTIVE
M1163871363,ACTIVE
M1443062572,ACTIVE
M1689316426,ACTIVE
M1999664216,ACTIVE
M1878900463,ACTIVE
M1682663597,ACTIVE
M89432819,ACTIVE
M320305128,ACTIVE
M2122991287,ACTIVE
M883020319,ACTIVE
M1378422371,ACTIVE
M1371182382,ACTIVE
M1027200,ACTIVE
M1146423186,ACTIVE
M9698116,ACTIVE
M463313451,ACTIVE
M1914077784,ACTIVE
M1303122461,ACTIVE
M1477752059,ACTIVE
M1138356642,ACTIVE
M1190150603,ACTIVE
M402264886,ACTIVE
M683674317,ACTIVE
M2010162322,ACTIVE
M1623287112,ACTIVE
M748199298,ACTIVE
M875010954,ACTIVE
M1538546428,ACTIVE
M1512216535,ACTIVE
M144055893,ACTIVE
M246003654,ACTIVE
M984302294,ACTIVE
M1598898814,ACTIVE
M949072944,ACTIVE
M992217213,ACTIVE
M2010350054,ACTIVE
M535517293,ACTIVE
M485542604,ACTIVE
M1633566545,ACTIVE
M376234567,ACTIVE
M1084946006,ACTIVE
M1743553655,ACTIVE
M811843176,ACTIVE
M1784908921,ACTIVE
M2050275256,ACTIVE
M1510333744,ACTIVE
M745868137,ACTIVE
M2082740895,ACTIVE
M1249347907,ACTIVE
M1709700394,ACTIVE
M1619752179,ACTIVE
M1982958205,ACTIVE
M934117774,ACTIVE
M1570117874,ACTIVE
M1777163938,ACTIVE
M1323531427,ACTIVE
M386863062,ACTIVE
M254917009,ACTIVE
M1246962289,ACTIVE
M2013332834,ACTIVE
M105784446,ACTIVE
M1806983232,ACTIVE
M1873983858,ACTIVE
M606775513,ACTIVE
M364998425,ACTIVE
M1421004802,ACTIVE
M1729472218,ACTIVE
M883380345,ACTIVE
M1681911120,ACTIVE
M1614079837,ACTIVE
M586914348,ACTIVE
M1270529736,ACTIVE
M1077640163,ACTIVE
M1473375728,ACTIVE
M676692948,ACTIVE
M489070295,ACTIVE
M818785904,ACTIVE
M749377126,ACTIVE
M40626598,ACTIVE
M1622534157,ACTIVE
M1650332494,ACTIVE
M583015088,ACTIVE
M1736293769,ACTIVE
M1938047257,ACTIVE
M2034610694,ACTIVE
M1354373599,ACTIVE
M2090535958,ACTIVE
M1310871029,ACTIVE
M1221759982,ACTIVE
M1941379381,ACTIVE
M489480245,ACTIVE
M1487131937,ACTIVE
M758057380,ACTIVE
M945965626,ACTIVE
M1507604180,ACTIVE
M116650158,ACTIVE
M1427892726,ACTIVE
M1172289188,ACTIVE
M1730158315,ACTIVE
M887606755,ACTIVE
M304088688,ACTIVE
M100550728,ACTIVE
M801996095,ACTIVE
M724525007,ACTIVE
M138087695,ACTIVE
M968957548,ACTIVE
M820117866,ACTIVE
M418223232,ACTIVE
M954928973,ACTIVE
M408544604,ACTIVE
M627863418,ACTIVE
M1095918240,ACTIVE
M481553464,ACTIVE
M1290584410,ACTIVE
M1386999197,ACTIVE
M521611410,ACTIVE
M2066770847,ACTIVE
M1332370633,ACTIVE
M59298126,ACTIVE
M170611939,ACTIVE
M1510692106,ACTIVE
M1801764705,ACTIVE
M219192399,ACTIVE
M435914790,ACTIVE
M145122075,ACTIVE
M980533504,ACTIVE
M1407492510,ACTIVE
M1255505329,ACTIVE
M1777016611,ACTIVE
M2147158964,ACTIVE
M1410901593,ACTIVE
M1967667267,ACTIVE
M1297242263,ACTIVE
M299830215,ACTIVE
M1959931357,ACTIVE
M1924565494,ACTIVE
M1296953588,ACTIVE
M1840670774,ACTIVE
M1218519094,ACTIVE
M830863979,ACTIVE
M939303753,ACTIVE
M363397863,ACTIVE
M61041877,ACTIVE
M220661927,ACTIVE
M1270612719,ACTIVE
M650410100,ACTIVE
M883110723,ACTIVE
M604060129,ACTIVE
M883735648,ACTIVE
M1267290459,ACTIVE
M141015648,ACTIVE
M255748214,ACTIVE
M501301044,ACTIVE
M1116197959,ACTIVE
M1153511683,ACTIVE
M444542260,ACTIVE
M1665209618,ACTIVE
M217470033,ACTIVE
M624130540,ACTIVE
M1551109210,ACTIVE
M918664959,ACTIVE
M335107734,ACTIVE
M864469510,ACTIVE
M1177088902,ACTIVE
M1566200241,ACTIVE
M2109219177,ACTIVE
M1788048182,ACTIVE
M161237395,ACTIVE
M1609501721,ACTIVE
M1172170412,ACTIVE
M408388753,ACTIVE
M2111615196,ACTIVE
M1053392896,ACTIVE
M970909181,ACTIVE
M744715819,ACTIVE
M158065070,ACTIVE
M738086393,ACTIVE
M1450830187,ACTIVE
M1573989401,ACTIVE
M998283025,ACTIVE
M2065764471,ACTIVE
M2057104863,ACTIVE
M1811942924,ACTIVE
M639105046,ACTIVE
M148891937,ACTIVE
M1974325564,ACTIVE
M692998280,ACTIVE
M1063573827,ACTIVE
M1590202270,ACTIVE
M1163358778,ACTIVE
M2015261478,ACTIVE
M1738049197,ACTIVE
M92350773,ACTIVE
M1946338463,ACTIVE
M260727363,ACTIVE
M769877691,ACTIVE
M417773355,ACTIVE
M2134195609,ACTIVE
M2066366456,ACTIVE
M1106392217,ACTIVE
M118503237,ACTIVE
M384097113,ACTIVE
M163843907,ACTIVE
M44227594,ACTIVE
M1032382137,ACTIVE
M1380336958,ACTIVE
M2077462509,ACTIVE
M151442075,ACTIVE
M1521238608,ACTIVE
M1333633954,ACTIVE
M51101315,ACTIVE
M203472514,ACTIVE
M355920448,ACTIVE
M626260944,ACTIVE
M491152599,ACTIVE
M955153053,ACTIVE
M1960957451,ACTIVE
M2135563436,ACTIVE
M1044945601,ACTIVE
M653766932,ACTIVE
M1464230046,ACTIVE
M1424108509,ACTIVE
M1276894402,ACTIVE
M21955570,ACTIVE
M1487529549,ACTIVE
M1402941420,ACTIVE
M1454942961,ACTIVE
M1567903868,ACTIVE
M965023582,ACTIVE
M1214032527,ACTIVE
M1923232046,ACTIVE
M2005293363,ACTIVE
M1811975204,ACTIVE
M1663673785,ACTIVE
M489508218,ACTIVE
M1989317222,ACTIVE
M1986001684,ACTIVE
M1227459815,ACTIVE
M818546553,ACTIVE
M1578892902,ACTIVE
M1980194149,ACTIVE
M1056185446,ACTIVE
M1935751909,ACTIVE
M853264965,ACTIVE
M1739974163,ACTIVE
M208144409,ACTIVE
M300604602,ACTIVE
M1292487390,ACTIVE
M474059546,ACTIVE
M312529481,ACTIVE
M672023440,ACTIVE
M615280623,ACTIVE
M2094001478,ACTIVE
M87865777,ACTIVE
M1995075465,ACTIVE
M1287401019,ACTIVE
M1913017282,ACTIVE
M1201004240,ACTIVE
M235873926,ACTIVE
M1966480630,ACTIVE
M975629453,ACTIVE
M654651991,ACTIVE
M496259008,ACTIVE
M706783822,ACTIVE
M500513427,ACTIVE
M453940999,ACTIVE
M1720746883,ACTIVE
M2118096382,ACTIVE
M1067377959,ACTIVE
M1249126393,ACTIVE
M1122694271,ACTIVE
M724611679,ACTIVE
M426288284,ACTIVE
M1082411691,ACTIVE
M1198450099,ACTIVE
M1350450807,ACTIVE
M1412536057,ACTIVE
M1395725953,ACTIVE
M1999135146,ACTIVE
M727860268,ACTIVE
M1264380765,ACTIVE
M2136291489,ACTIVE
M1324420411,ACTIVE
M1964434661,ACTIVE
M1708276387,ACTIVE
M156855528,ACTIVE
M1722528506,ACTIVE
M1622694817,ACTIVE
M1405108810,ACTIVE
M201327799,ACTIVE
M2108006254,ACTIVE
M2055276126,ACTIVE
M527826205,ACTIVE
M1628551735,ACTIVE
M1483243447,ACTIVE
M2134297999,ACTIVE
M474335405,ACTIVE
M1394111263,ACTIVE
M341631013,ACTIVE
M778039764,ACTIVE
M1112527632,ACTIVE
M156304703,ACTIVE
M1928900108,ACTIVE
M969811954,ACTIVE
M1879414521,ACTIVE
M2006056784,ACTIVE
M129371198,ACTIVE
M1355766307,ACTIVE
M1326405365,ACTIVE
M1581539326,ACTIVE
M2091367901,ACTIVE
M1130368480,ACTIVE
M983073433,ACTIVE
M602812856,ACTIVE
M101676975,ACTIVE
M2007004340,ACTIVE
M568717494,ACTIVE
M326611360,ACTIVE
M1888859784,ACTIVE
M1933458457,ACTIVE
M1843321088,ACTIVE
M1525844775,ACTIVE
M2063355321,ACTIVE
M1486670059,ACTIVE
M1101963025,ACTIVE
M263373555,ACTIVE
M1947573705,ACTIVE
M2000530216,ACTIVE
M1493988307,ACTIVE
M1169338605,ACTIVE
M1155636121,ACTIVE
M898695324,ACTIVE
M1121891386,ACTIVE
M373436199,ACTIVE
M1243354278,ACTIVE
M983834017,ACTIVE
M767060604,ACTIVE
M1812861879,ACTIVE
M1584833211,ACTIVE
M2088687402,ACTIVE
M2122837918,ACTIVE
M1188871851,ACTIVE
M175822565,ACTIVE
M368788838,ACTIVE
M79702169,ACTIVE
M422882684,ACTIVE
M1586868395,ACTIVE
M517637439,ACTIVE
M1905758512,ACTIVE
M1896461827,ACTIVE
M290172400,ACTIVE
M1220524164,ACTIVE
M1283581890,ACTIVE
M1764291958,ACTIVE
M2054071421,ACTIVE
M1497982409,ACTIVE
M1850137076,ACTIVE
M1060104887,ACTIVE
M1781668126,ACTIVE
M1931723660,ACTIVE
M333825340,ACTIVE
M929482343,ACTIVE
M1641677843,ACTIVE
M253171986,ACTIVE
M1881420492,ACTIVE
M902894836,ACTIVE
M116356643,ACTIVE
M87242619,ACTIVE
M1241385933,ACTIVE
M1056221435,ACTIVE
M359494998,ACTIVE
M1493446952,ACTIVE
M1684281752,ACTIVE
M1745174877,ACTIVE
M293687918,ACTIVE
M1984577117,ACTIVE
M917156101,ACTIVE
M1183065103,ACTIVE
M215600758,ACTIVE
M13918250,ACTIVE
M140778365,ACTIVE
M1644425487,ACTIVE
M1917161212,ACTIVE
M557613354,ACTIVE
M108798399,ACTIVE
M866416391,ACTIVE
M261691810,ACTIVE
M1830984476,ACTIVE
M861310502,ACTIVE
M973219190,ACTIVE
M1997267152,ACTIVE
M2078239671,ACTIVE
M1645449962,ACTIVE
M1450945109,ACTIVE
M820627987,ACTIVE
M658107584,ACTIVE
M1271241511,ACTIVE
M882838692,ACTIVE
M882053845,ACTIVE
M1363009375,ACTIVE
M431966204,ACTIVE
M462020284,ACTIVE
M338048780,ACTIVE
M113468028,ACTIVE
M690419645,ACTIVE
M504006221,ACTIVE
M1553616699,ACTIVE
M1133227388,ACTIVE
M1927763846,ACTIVE
M1530206433,ACTIVE
M2095710480,ACTIVE
M509522442,ACTIVE
M605201451,ACTIVE
M1495257933,ACTIVE
M1983541978,ACTIVE
M856511870,ACTIVE
M1206580572,ACTIVE
M1031780408,ACTIVE
M1230701703,ACTIVE
M1918144733,ACTIVE
M312367354,ACTIVE
M445226957,ACTIVE
M2013613908,ACTIVE
M1803361784,ACTIVE
M1447232813,ACTIVE
M66515916,ACTIVE
M206287129,ACTIVE
M1994634331,ACTIVE
M1763010538,ACTIVE
M1674824156,ACTIVE
M1802555899,ACTIVE
M1195834252,ACTIVE
M371440613,ACTIVE
M1337655323,ACTIVE
M726843606,ACTIVE
M1878814375,ACTIVE
M1731795367,ACTIVE
M1404932042,ACTIVE
M1869247587,ACTIVE
M1664165134,ACTIVE
M145423728,ACTIVE
M1801753119,ACTIVE
M1171546708,ACTIVE
M1878992188,ACTIVE
M1680794780,ACTIVE
M285205295,ACTIVE
M998935228,ACTIVE
M137463816,ACTIVE
M423037681,ACTIVE
M340772346,ACTIVE
M1504083002,ACTIVE
M1614992995,ACTIVE
M512029640,ACTIVE
M1574138492,ACTIVE
M88332821,ACTIVE
M631181275,ACTIVE
M1723290893,ACTIVE
M858340148,ACTIVE
M480498267,ACTIVE
M1526263649,ACTIVE
M650013863,ACTIVE
M1551722332,ACTIVE
M1474072872,ACTIVE
M651177414,ACTIVE
M862931361,ACTIVE
M1542975839,ACTIVE
M1791589252,ACTIVE
M1547112627,ACTIVE
M196539383,ACTIVE
M1786422901,ACTIVE
M1374982240,ACTIVE
M705708158,ACTIVE
M1565583350,ACTIVE
M554146322,ACTIVE
M1151309352,ACTIVE
M1592618491,ACTIVE
M1373719734,ACTIVE
M332464215,ACTIVE
M896315952,ACTIVE
M896945135,ACTIVE
M1519387873,ACTIVE
M445735200,ACTIVE
M1835638995,ACTIVE
M311569747,ACTIVE
M1555348096,ACTIVE
M1468876586,ACTIVE
M316335490,ACTIVE
M559546980,ACTIVE
M2114537280,ACTIVE
M391827378,ACTIVE
M1039655689,ACTIVE
M196052901,ACTIVE
M1440753249,ACTIVE
M2117015229,ACTIVE
M1915885313,ACTIVE
M629314014,ACTIVE
M521466380,ACTIVE
M465839591,ACTIVE
M399715995,ACTIVE
M1775113446,ACTIVE
M281487983,ACTIVE
M1576499395,ACTIVE
M235162442,ACTIVE
M1560844138,ACTIVE
M22446425,ACTIVE
M1402047326,ACTIVE
M1928075000,ACTIVE
M1871084300,ACTIVE
M1386440976,ACTIVE
M122360746,ACTIVE
M2118449545,ACTIVE
M1554308325,ACTIVE
M1320400528,ACTIVE
M1060553105,ACTIVE
M1576416089,ACTIVE
M2101767929,ACTIVE
M1395740534,ACTIVE
M309060377,ACTIVE
M1962398162,ACTIVE
M1567732992,ACTIVE
M8633259,ACTIVE
M779876279,ACTIVE
M339581587,ACTIVE
M117460541,ACTIVE
M1469217737,ACTIVE
M1753450343,ACTIVE
M1442077586,ACTIVE
M1582427182,ACTIVE
M1878782124,ACTIVE
M404036116,ACTIVE
M813285994,ACTIVE
M1092619788,ACTIVE
M615459073,ACTIVE
M1202402952,ACTIVE
M1043970800,ACTIVE
M1792454213,ACTIVE
M1579030959,ACTIVE
M101162229,ACTIVE
M2088969892,ACTIVE
M1385966234,ACTIVE
M799692219,ACTIVE
M1329040766,ACTIVE
M488669101,ACTIVE
M1597400455,ACTIVE
M1228798862,ACTIVE
M5313207,ACTIVE
M1320826684,ACTIVE
M1840794798,ACTIVE
M1339345635,ACTIVE
M2045188238,ACTIVE
M1489322191,ACTIVE
M605787935,ACTIVE
M214170716,ACTIVE
M1929447269,ACTIVE
M546685745,ACTIVE
M2078138276,ACTIVE
M74885833,ACTIVE
M748971195,ACTIVE
M2047799833,ACTIVE
M451833108,ACTIVE
M2033282874,ACTIVE
M1971152916,ACTIVE
M30699728,ACTIVE
M1189496205,ACTIVE
M1360125564,ACTIVE
M473073770,ACTIVE
M658022908,ACTIVE
M1579492862,ACTIVE
M102373363,ACTIVE
M1625676573,ACTIVE
M332998175,ACTIVE
M55220696,ACTIVE
M2075691191,ACTIVE
M1133794432,ACTIVE
M954976358,ACTIVE
M454621817,ACTIVE
M729375394,ACTIVE
M1197177197,ACTIVE
M337509625,ACTIVE
M739737502,ACTIVE
M250977006,ACTIVE
M769526324,ACTIVE
M1069736192,ACTIVE
M273401463,ACTIVE
M1304765785,ACTIVE
M1940927690,ACTIVE
M1755229011,ACTIVE
M877095353,ACTIVE
M1564688538,ACTIVE
M271514713,ACTIVE
M801569151,ACTIVE
M1622362417,ACTIVE
M997919131,ACTIVE
M466473730,ACTIVE
M181022659,ACTIVE
M1304522697,ACTIVE
M1000093805,ACTIVE
M287649987,ACTIVE
M1559191497,ACTIVE
M994782211,ACTIVE
M855769947,ACTIVE
M30604162,ACTIVE
M984567559,ACTIVE
M2086649316,ACTIVE
M1280603381,ACTIVE
M1896132887,ACTIVE
M1272051933,ACTIVE
M854977732,ACTIVE
M2078517303,ACTIVE
M295633759,ACTIVE
M1154136178,ACTIVE
M2142442467,ACTIVE
M293669143,ACTIVE
M34994391,ACTIVE
M1525421339,ACTIVE
M1898058733,ACTIVE
M1564078808,ACTIVE
M1349353453,ACTIVE
M1387756894,ACTIVE
M2022950677,ACTIVE
M140222364,ACTIVE
M1436610577,ACTIVE
M1308079276,ACTIVE
M37768026,ACTIVE
M1617253954,ACTIVE
M1307655038,ACTIVE
M2051119589,ACTIVE
M626295499,ACTIVE
M1596278280,ACTIVE
M831285461,ACTIVE
M1920199,ACTIVE
M1652552120,ACTIVE
M1551301860,ACTIVE
M1607278346,ACTIVE
M9843062,ACTIVE
M412191417,ACTIVE
M1214133948,ACTIVE
M423095039,ACTIVE
M920722272,ACTIVE
M718451316,ACTIVE
M895175732,ACTIVE
M219962610,ACTIVE
M1672736386,ACTIVE
M1409991198,ACTIVE
M2145027279,ACTIVE
M1935880752,ACTIVE
M979420182,ACTIVE
M2069229734,ACTIVE
M6518397,ACTIVE
M167514715,ACTIVE
M132158154,ACTIVE
M18392277,ACTIVE
M1308527415,ACTIVE
M867485557,ACTIVE
M2137642385,ACTIVE
M530402062,ACTIVE
M495113052,ACTIVE
M949085832,ACTIVE
M833929219,ACTIVE
M336569474,ACTIVE
M1039453590,ACTIVE
M292958927,ACTIVE
M1897030087,ACTIVE
M294116482,ACTIVE
M1718173776,ACTIVE
M2078154554,ACTIVE
M1517228866,ACTIVE
M1950456251,ACTIVE
M1830305819,ACTIVE
M1157856790,ACTIVE
M1460696714,ACTIVE
M1299564036,ACTIVE
M1514955661,ACTIVE
M1215029765,ACTIVE
M1390374159,ACTIVE
M418220917,ACTIVE
M1602069459,ACTIVE
M807771233,ACTIVE
M288797801,ACTIVE
M34004511,ACTIVE
M719383448,ACTIVE
M2114163679,ACTIVE
M2026488714,ACTIVE
M1292788772,ACTIVE
M451019405,ACTIVE
M622263400,ACTIVE
M1333929103,ACTIVE
M1058984040,ACTIVE
M1388602164,ACTIVE
M444127949,ACTIVE
M447105432,ACTIVE
M1704990977,ACTIVE
M1889757798,ACTIVE
M1862946352,ACTIVE
M1365471425,ACTIVE
M1009677262,ACTIVE
M1947397483,ACTIVE
M668222840,ACTIVE
M459482178,ACTIVE
M556773329,ACTIVE
M975733206,ACTIVE
M1421622223,ACTIVE
M340852643,ACTIVE
M1637627206,ACTIVE
M466322841,ACTIVE
M228035257,ACTIVE
M1878024069,ACTIVE
M314562573,ACTIVE
M1337347604,ACTIVE
M1740571776,ACTIVE
M2101594271,ACTIVE
M288615534,ACTIVE
M1564892747,ACTIVE
M1808527451,ACTIVE
M1908505175,ACTIVE
M596376940,ACTIVE
M295749384,ACTIVE
M498134055,ACTIVE
M969432090,ACTIVE
M557705922,ACTIVE
M696321613,ACTIVE
M659937029,ACTIVE
M651992021,ACTIVE
M106557175,ACTIVE
M1330697616,ACTIVE
M441216628,ACTIVE
M2124562732,ACTIVE
M1652934423,ACTIVE
M1890262240,ACTIVE
M1993482475,ACTIVE
M2137601740,ACTIVE
M826553984,ACTIVE
M593103894,ACTIVE
M1937107943,ACTIVE
M598183031,ACTIVE
M1838250251,ACTIVE
M410958248,ACTIVE
M146174144,ACTIVE
M669200356,ACTIVE
M649838238,ACTIVE
M1940248684,ACTIVE
M1759915172,ACTIVE
M1196288844,ACTIVE
M1240230559,ACTIVE
M1127333424,ACTIVE
M819545304,ACTIVE
M1521132614,ACTIVE
M956958624,ACTIVE
M1229511404,ACTIVE
M1060935276,ACTIVE
M106113013,ACTIVE
M1863834886,ACTIVE
M1836018857,ACTIVE
M502921158,ACTIVE
M241316255,ACTIVE
M248295195,ACTIVE
M1816933119,ACTIVE
M439078230,ACTIVE
M208437930,ACTIVE
M95552255,ACTIVE
M2008229299,ACTIVE
M1543664352,ACTIVE
M1430674428,ACTIVE
M107994825,ACTIVE
M284746450,ACTIVE
M1225114731,ACTIVE
M440306536,ACTIVE
M494414526,ACTIVE
M909644303,ACTIVE
M403740863,ACTIVE
M1650113431,ACTIVE
M1834041945,ACTIVE
M1455204443,ACTIVE
M1793414776,ACTIVE
M1422989013,ACTIVE
M765990740,ACTIVE
M1421022166,ACTIVE
M2077662850,ACTIVE
M1141059550,ACTIVE
M943346272,ACTIVE
M531855844,ACTIVE
M162320368,ACTIVE
M1695685784,ACTIVE
M500129592,ACTIVE
M710623214,ACTIVE
M1263814450,ACTIVE
M1809767357,ACTIVE
M1825662118,ACTIVE
M542202332,ACTIVE
M272243411,ACTIVE
M1736458419,ACTIVE
M1455940305,ACTIVE
M244668763,ACTIVE
M482032955,ACTIVE
M1086323658,ACTIVE
M1361241279,ACTIVE
M381118552,ACTIVE
M635096154,ACTIVE
M820677667,ACTIVE
M727491956,ACTIVE
M1553033411,ACTIVE
M972404515,ACTIVE
M1662549347,ACTIVE
M877809987,ACTIVE
M1276002922,ACTIVE
M1840940155,ACTIVE
M311642344,ACTIVE
M211031000,ACTIVE
M1752820099,ACTIVE
M119202251,ACTIVE
M442465916,ACTIVE
M740654090,ACTIVE
M507575219,ACTIVE
M758104368,ACTIVE
M303790741,ACTIVE
M875191127,ACTIVE
M1031486232,ACTIVE
M633514467,ACTIVE
M1367544605,ACTIVE
M1937889008,ACTIVE
M600554759,ACTIVE
M1775883042,ACTIVE
M1653282104,ACTIVE
M1450174524,ACTIVE
M1255708407,ACTIVE
M1690233783,ACTIVE
M663466110,ACTIVE
M1097558044,ACTIVE
M331596257,ACTIVE
M541568490,ACTIVE
M381760603,ACTIVE
M1226784688,ACTIVE
M362427044,ACTIVE
M1840107352,ACTIVE
M1899567935,ACTIVE
M577828237,ACTIVE
M400048100,ACTIVE
M1452355939,ACTIVE
M1648278215,ACTIVE
M1173151026,ACTIVE
M1040537707,ACTIVE
M2072605782,ACTIVE
M1509255314,ACTIVE
M981865495,ACTIVE
M1266968258,ACTIVE
M641975103,ACTIVE
M788557535,ACTIVE
M158505623,ACTIVE
M246826139,ACTIVE
M314966354,ACTIVE
M1415439780,ACTIVE
M753853622,ACTIVE
M101406015,ACTIVE
M1342198213,ACTIVE
M2127513096,ACTIVE
M1932190364,ACTIVE
M79919963,ACTIVE
M1205094026,ACTIVE
M1127434428,ACTIVE
M1221507960,ACTIVE
M1589968642,ACTIVE
M636050161,ACTIVE
M1215025252,ACTIVE
M775574071,ACTIVE
M1457148583,ACTIVE
M1439651366,ACTIVE
M1128600792,ACTIVE
M1625321341,ACTIVE
M1292570580,ACTIVE
M1328349514,ACTIVE
M673231721,ACTIVE
M375314189,ACTIVE
M1587818510,ACTIVE
M1101451553,ACTIVE
M1965965859,ACTIVE
M2031154005,ACTIVE
M383005108,ACTIVE
M2100297853,ACTIVE
M1454366618,ACTIVE
M894735295,ACTIVE
M473666452,ACTIVE
M1736230120,ACTIVE
M1330798099,ACTIVE
M731431696,ACTIVE
M1730595945,ACTIVE
M1620459733,ACTIVE
M671271586,ACTIVE
M909132503,ACTIVE
M1195473402,ACTIVE
M815497540,ACTIVE
M1747721875,ACTIVE
M933099011,ACTIVE
M1244775150,ACTIVE
M1399225534,ACTIVE
M1397735927,ACTIVE
M734097378,ACTIVE
M250243497,ACTIVE
M1381438013,ACTIVE
M1208371802,ACTIVE
M213850519,ACTIVE
M1762409247,ACTIVE
M361705653,ACTIVE
M861479293,ACTIVE
M242762528,ACTIVE
M380146513,ACTIVE
M1658980982,ACTIVE
M342419584,ACTIVE
M813131188,ACTIVE
M910658510,ACTIVE
M1008662534,ACTIVE
M530528285,ACTIVE
M1135278099,ACTIVE
M358019805,ACTIVE
M115139998,ACTIVE
M1356806123,ACTIVE
M146605930,ACTIVE
M1844118795,ACTIVE
M51432525,ACTIVE
M543198964,ACTIVE
M1185618138,ACTIVE
M663741480,ACTIVE
M1262693971,ACTIVE
M205284289,ACTIVE
M1129387802,ACTIVE
M1814423236,ACTIVE
M571956559,ACTIVE
M112797307,ACTIVE
M427006214,ACTIVE
M1387774425,ACTIVE
M1258527853,ACTIVE
M1039948229,ACTIVE
M1354280589,ACTIVE
M1731406622,ACTIVE
M184410212,ACTIVE
M1645577752,ACTIVE
M387377349,ACTIVE
M1560243485,ACTIVE
M1341785997,ACTIVE
M1620187937,ACTIVE
M896786845,ACTIVE
M1592602335,ACTIVE
M1405721353,ACTIVE
M181078353,ACTIVE
M1919834117,ACTIVE
M865452711,ACTIVE
M1907604549,ACTIVE
M1197535593,ACTIVE
M436211711,ACTIVE
M1744713739,ACTIVE
M153580963,ACTIVE
M1522002327,ACTIVE
M993208674,ACTIVE
M91147932,ACTIVE
M1750120280,ACTIVE
M303831560,ACTIVE
M1614238,ACTIVE
M1152917511,ACTIVE
M2009915092,ACTIVE
M294485518,ACTIVE
M694766024,ACTIVE
M451480761,ACTIVE
M2102441156,ACTIVE
M1578712821,ACTIVE
M2043922005,ACTIVE
M1416852258,ACTIVE
M1817055696,ACTIVE
M711834492,ACTIVE
M832145584,ACTIVE
M214313531,ACTIVE
M1667859935,ACTIVE
M948070788,ACTIVE
M1850597787,ACTIVE
M1671973814,ACTIVE
M1428664849,ACTIVE
M1746833724,ACTIVE
M1838654295,ACTIVE
M311344289,ACTIVE
M1924533224,ACTIVE
M2140662115,ACTIVE
M1935247567,ACTIVE
M1231029475,ACTIVE
M1894758168,ACTIVE
M2100572327,ACTIVE
M638486177,ACTIVE
M1846539844,ACTIVE
M1537371824,ACTIVE
M1379222018,ACTIVE
M1452158309,ACTIVE
M80026551,ACTIVE
M1128092982,ACTIVE
M1436937891,ACTIVE
M347354124,ACTIVE
M620423816,ACTIVE
M1859956068,ACTIVE
M1234980193,ACTIVE
M659996839,ACTIVE
M179258229,ACTIVE
M1842676608,ACTIVE
M673384643,ACTIVE
M941702906,ACTIVE
M1016408627,ACTIVE
M1205483858,ACTIVE
M1593224710,ACTIVE
M504913926,ACTIVE
M219679073,ACTIVE
M153448497,ACTIVE
M726483751,ACTIVE
M1538409062,ACTIVE
M1413117445,ACTIVE
M1363130483,ACTIVE
M388489274,ACTIVE
M1759914811,ACTIVE
M1799545709,ACTIVE
M52487168,ACTIVE
M1240843015,ACTIVE
M67671827,ACTIVE
M1191890972,ACTIVE
M2116511124,ACTIVE
M1729954747,ACTIVE
M2075922925,ACTIVE
M1806378373,ACTIVE
M633727380,ACTIVE
M1388849499,ACTIVE
M1499458969,ACTIVE
M2115692179,ACTIVE
M175168244,ACTIVE
M357751318,ACTIVE
M123251782,ACTIVE
M732214059,ACTIVE
M1316583993,ACTIVE
M35068320,ACTIVE
M1792088662,ACTIVE
M576222471,ACTIVE
M151746461,ACTIVE
M1088236798,ACTIVE
M1860591867,ACTIVE
M1716164115,ACTIVE
M167550865,ACTIVE
M437583344,ACTIVE
M2057077925,ACTIVE
M771923297,ACTIVE
M704530496,ACTIVE
M148813381,ACTIVE
M940454850,ACTIVE
M612873761,ACTIVE
M1905229914,ACTIVE
M221494920,ACTIVE
M1908883473,ACTIVE
M547632296,ACTIVE
M2137205195,ACTIVE
M509559152,ACTIVE
M323981046,ACTIVE
M1227038073,ACTIVE
M552085610,ACTIVE
M762628123,ACTIVE
M2032399795,ACTIVE
M1901371976,ACTIVE
M2000471377,ACTIVE
M783117220,ACTIVE
M361712894,ACTIVE
M1931205834,ACTIVE
M1555288047,ACTIVE
M912747546,ACTIVE
M980801953,ACTIVE
M724030931,ACTIVE
M1045677229,ACTIVE
M816895399,ACTIVE
M74259289,ACTIVE
M588108658,ACTIVE
M1893760760,ACTIVE
M1454357198,ACTIVE
M1790250268,ACTIVE
M1090123277,ACTIVE
M883716803,ACTIVE
M1610803524,ACTIVE
M892231982,ACTIVE
M1447044674,ACTIVE
M729827711,ACTIVE
M1190097728,ACTIVE
M1175347198,ACTIVE
M1101149296,ACTIVE
M779018428,ACTIVE
M795151790,ACTIVE
M1012752603,ACTIVE
M2084912180,ACTIVE
M179690980,ACTIVE
M2093499056,ACTIVE
M2136509382,ACTIVE
M1979657069,ACTIVE
M58488213,ACTIVE
M878991463,ACTIVE
M190838539,ACTIVE
M741883443,ACTIVE
M1786872722,ACTIVE
M408023455,ACTIVE
M405036720,ACTIVE
M210575547,ACTIVE
M1285287269,ACTIVE
M757515938,ACTIVE
M83674409,ACTIVE
M178259104,ACTIVE
M1483972190,ACTIVE
M1663431506,ACTIVE
M847568453,ACTIVE
M817012565,ACTIVE
M1785366805,ACTIVE
M2033268925,ACTIVE
M345584390,ACTIVE
M731243659,ACTIVE
M173175486,ACTIVE
M435030575,ACTIVE
M976949492,ACTIVE
M2065730373,ACTIVE
M495828752,ACTIVE
M1135348328,ACTIVE
M1599108857,ACTIVE
M1950642510,ACTIVE
M1357570394,ACTIVE
M841166421,ACTIVE
M1731654671,ACTIVE
M1238989252,ACTIVE
M1271084832,ACTIVE
M972417956,ACTIVE
M1487540468,ACTIVE
M1501618847,ACTIVE
M2028372993,ACTIVE
M584262389,ACTIVE
M1386362229,ACTIVE
M2063059370,ACTIVE
M1540460994,ACTIVE
M643587433,ACTIVE
M275543021,ACTIVE
M808653065,ACTIVE
M1591250481,ACTIVE
M1010584177,ACTIVE
M1976617670,ACTIVE
M1175662879,ACTIVE
M113042195,ACTIVE
M1181666809,ACTIVE
M934563470,ACTIVE
M1353406178,ACTIVE
M1043576110,ACTIVE
M666312528,ACTIVE
M714481123,ACTIVE
M877611650,ACTIVE
M962221884,ACTIVE
M1453010953,ACTIVE
M687842599,ACTIVE
M900207233,ACTIVE
M395436593,ACTIVE
M1037612046,ACTIVE
M1078031260,ACTIVE
M511646132,ACTIVE
M500580931,ACTIVE
M1703353597,ACTIVE
M1146980236,ACTIVE
M65982709,ACTIVE
M1617767058,ACTIVE
M669053685,ACTIVE
M1268261468,ACTIVE
M1507477906,ACTIVE
M2103895364,ACTIVE
M1977202492,ACTIVE
M1888639813,ACTIVE
M436328432,ACTIVE
M1881996254,ACTIVE
M55755528,ACTIVE
M1648217898,ACTIVE
M925364462,ACTIVE
M715117698,ACTIVE
M963585828,ACTIVE
M920914400,ACTIVE
M1798667958,ACTIVE
M213560315,ACTIVE
M1057262726,ACTIVE
M1901953696,ACTIVE
M1086017415,ACTIVE
M1334378672,ACTIVE
M371397455,ACTIVE
M569647544,ACTIVE
M702392974,ACTIVE
M1443030336,ACTIVE
M261371975,ACTIVE
M1558246666,ACTIVE
M700262294,ACTIVE
M902209131,ACTIVE
M1058155740,ACTIVE
M345865414,ACTIVE
M226213650,ACTIVE
M64330035,ACTIVE
M2138211677,ACTIVE
M1527980131,ACTIVE
M413088973,ACTIVE
M1635378213,ACTIVE
M253558788,ACTIVE
M1868933720,ACTIVE
M505756829,ACTIVE
M509104428,ACTIVE
M778520216,ACTIVE
M1408739590,ACTIVE
M855155579,ACTIVE
M1599674462,ACTIVE
M932325687,ACTIVE
M1469692066,ACTIVE
M1271565999,ACTIVE
M1724619363,ACTIVE
M184147252,ACTIVE
M1455696228,ACTIVE
M172699023,ACTIVE
M604791405,ACTIVE
M309476445,ACTIVE
M1808324797,ACTIVE
M1815592231,ACTIVE
M1901752553,ACTIVE
M1532904892,ACTIVE
M198503937,ACTIVE
M1600734767,ACTIVE
M140301331,ACTIVE
M1993836574,ACTIVE
M1580883724,ACTIVE
M2090770896,ACTIVE
M2044282225,ACTIVE
M433321211,ACTIVE
M991572261,ACTIVE
M51376124,ACTIVE
M2123269713,ACTIVE
M552260985,ACTIVE
M496751062,ACTIVE
M2041264753,ACTIVE
M1568043544,ACTIVE
M1139678455,ACTIVE
M38294309,ACTIVE
M864657274,ACTIVE
M382044126,ACTIVE
M1727373358,ACTIVE
M1572066684,ACTIVE
M2116025968,ACTIVE
M905847077,ACTIVE
M428475414,ACTIVE
M2036508486,ACTIVE
M1412611602,ACTIVE
M960609751,ACTIVE
M330652043,ACTIVE
M2129636512,ACTIVE
M370265628,ACTIVE
M1679027895,ACTIVE
M1995103322,ACTIVE
M1047000562,ACTIVE
M270945456,ACTIVE
M95788093,ACTIVE
M333693383,ACTIVE
M1328764608,ACTIVE
M588890592,ACTIVE
M513633400,ACTIVE
M477700359,ACTIVE
M1682828548,ACTIVE
M66588044,ACTIVE
M1922498059,ACTIVE
M2011580998,ACTIVE
M1972599192,ACTIVE
M44341075,ACTIVE
M80499834,ACTIVE
M1481417616,ACTIVE
M345144532,ACTIVE
M949277105,ACTIVE
M1683866967,ACTIVE
M1545327692,ACTIVE
M590380140,ACTIVE
M1934234778,ACTIVE
M708590084,ACTIVE
M1662312252,ACTIVE
M1211586911,ACTIVE
M1701436909,ACTIVE
M591247593,ACTIVE
M1164700555,ACTIVE
M1357927175,ACTIVE
M214768579,ACTIVE
M2123127037,ACTIVE
M628610760,ACTIVE
M1677584330,ACTIVE
M1364863741,ACTIVE
M70978270,ACTIVE
M277861845,ACTIVE
M1419502343,ACTIVE
M1113829504,ACTIVE
M307148861,ACTIVE
M1584918772,ACTIVE
M796553753,ACTIVE
M197470785,ACTIVE
M1991724700,ACTIVE
M669406950,ACTIVE
M285074186,ACTIVE
M1802274860,ACTIVE
M1799316869,ACTIVE
M203785427,ACTIVE
M707531688,ACTIVE
M1182693267,ACTIVE
M43368234,ACTIVE
M1645181497,ACTIVE
M1541433310,ACTIVE
M1627496281,ACTIVE
M1608757336,ACTIVE
M1563528849,ACTIVE
M880533231,ACTIVE
M277524255,ACTIVE
M1065327935,ACTIVE
M103118806,ACTIVE
M1177018330,ACTIVE
M2010733041,ACTIVE
M965988043,ACTIVE
M516818219,ACTIVE
M384283650,ACTIVE
M1783418615,ACTIVE
M858989662,ACTIVE
M2125346660,ACTIVE
M1394356510,ACTIVE
M1142383288,ACTIVE
M1002126468,ACTIVE
M732277370,ACTIVE
M1392886653,ACTIVE
M1381386227,ACTIVE
M569138567,ACTIVE
M611587518,ACTIVE
M1830918135,ACTIVE
M927159199,ACTIVE
M550424075,ACTIVE
M318794136,ACTIVE
M732526171,ACTIVE
M1740328397,ACTIVE
M1867773348,ACTIVE
M1944138464,ACTIVE
M173965920,ACTIVE
M996533593,ACTIVE
M1923634801,ACTIVE
M611502040,ACTIVE
M1770070706,ACTIVE
M325897214,ACTIVE
M1370495328,ACTIVE
M1862900975,ACTIVE
M1073819729,ACTIVE
M1843272693,ACTIVE
M1807764104,ACTIVE
M696664702,ACTIVE
M1071977170,ACTIVE
M37590923,ACTIVE
M1314489099,ACTIVE
M1699578227,ACTIVE
M1447678234,ACTIVE
M241403219,ACTIVE
M684429600,ACTIVE
